,Brand,Product Name,Ratings,Number of ratings,Price,Delivery day,Availability,Return,Color,Material
0,Kadence,Ukulele,4.2 out of 5,270 ratings,-,"Saturday, Dec 18",In stock.,7 Days Replacement,Black,Wood
1,VAULT,-,4.1 out of 5,802 ratings,-,"Sunday, Dec 19",In stock.,7 Days Replacement,Black,-
2,Martin Smith,Ukulele,3.7 out of 5,"2,870 ratings",-,"Sunday, Dec 19",In stock.,7 Days Replacement,Black,-
3,Kadence,-,4.3 out of 5,"1,478 ratings",-,"Saturday, Dec 18",In stock.,7 Days Replacement,Mahagony Wood,Mahogany
4,Kadence,-,4.3 out of 5,"3,914 ratings",-,"Saturday, Dec 18",In stock.,7 Days Replacement,Bag with Tuner,Mahogany
5,Kadence,-,4.3 out of 5,"1,478 ratings",-,"Saturday, Dec 18",In stock.,7 Days Replacement,Mahagony Wood,Mahogany
6,Intern,-,3.9 out of 5,289 ratings,-,"Friday, Dec 17",In stock.,7 Days Replacement,Black,Wood
7,Juarez,-,4.2 out of 5,"4,406 ratings",-,"Sunday, Dec 19",In stock.,7 Days Replacement,Brown,-
8,Decdeal,-,-,-,-,Jan 1 - 4,In stock.,7 Days Replacement,Green,Acrylonitrile Butadiene Styrene
9,POOWE,"Guitar, Ukulele",-,-,-,-,,7 Days Replacement,-,Wood
10,HEALLILY,-,-,-,-,Dec 31 - Jan 3,In stock.,7 Days Replacement,Beige,-
11,Juarez,-,4.2 out of 5,963 ratings,-,"Sunday, Dec 19",In stock.,7 Days Replacement,Sapele,-
12,Juarez,-,4.1 out of 5,278 ratings,-,"Saturday, Dec 18",In stock.,7 Days Replacement,BLUE,Sapele
13,JUAREZ,-,4 out of 5,67 ratings,-,"Saturday, Dec 18",In stock.,7 Days Replacement,NATURAL,Sapele
14,Kadence,-,4.3 out of 5,"1,091 ratings",-,"Saturday, Dec 18",In stock.,7 Days Replacement,Acoustic,Spruce Wood
15,VAULT,-,4.1 out of 5,802 ratings,-,"Friday, Dec 17",In stock.,7 Days Replacement,Brown,-
16,Kadence,Ukulele,4.2 out of 5,270 ratings,-,"Saturday, Dec 18",In stock.,7 Days Replacement,Black,Wood
17,Kadence,Ukulele,4.3 out of 5,466 ratings,-,"Saturday, Dec 18",In stock.,7 Days Replacement,Cinnamon Brown,Wood
18,JUAREZ,-,3.9 out of 5,31 ratings,-,"Sunday, Dec 19",In stock.,7 Days Replacement,BLACK,Sapele Wood
19,Juarez,-,4.1 out of 5,71 ratings,-,"Sunday, Dec 19",In stock.,7 Days Replacement,Mahogany,Mahogany
20,Musoo,-,4.1 out of 5,287 ratings,-,"Monday, Dec 20",In stock.,7 Days Replacement,Brown,-
21,Musoo,Ukulele,-,-,-,"Monday, Dec 20",In stock.,7 Days Replacement,Brown,Mahogany
22,Flight,-,5 out of 5,5 ratings,-,"Saturday, Dec 18",Only 2 left in stock.,7 Days Replacement,Blue,Sapele
23,Flight,-,-,-,-,"Saturday, Dec 18",Only 1 left in stock.,7 Days Replacement,Surf,ABS plastic
24,Kadence,Ukulele,4 out of 5,74 ratings,-,"Saturday, Dec 18",In stock.,7 Days Replacement,White,Mahogany
25,Kadence,-,4.3 out of 5,208 ratings,-,"Saturday, Dec 18",In stock.,7 Days Replacement,Brown,Sapele
26,Juarez,-,3.5 out of 5,26 ratings,-,"Sunday, Dec 19",Only 1 left in stock.,7 Days Replacement,NATURAL,"Acrylonitrile Butadiene Styrene, Wood, Catalpa, Rosewood"
27,Kadence,-,4.2 out of 5,216 ratings,-,"Saturday, Dec 18",In stock.,7 Days Replacement,Black,Mahogany
28,Zhangxi,Ukulele,-,-,-,Jan 1 - 5,In stock.,7 Days Replacement,Pink,Acrylonitrile Butadiene Styrene
29,Kadence,-,4.3 out of 5,"1,158 ratings",-,"Saturday, Dec 18",In stock.,7 Days Replacement,Combo,Sapele
30,Zhangxi,-,-,-,-,Jan 1 - 5,In stock.,7 Days Replacement,Brown,Sapele
31,Kala,-,4.5 out of 5,"1,043 ratings",-,"Sunday, Dec 19",Only 2 left in stock.,7 Days Replacement,White Accents,-
32,MAIOO,Ukulele,-,-,-,Dec 30 - Jan 3,In stock.,7 Days Replacement,-,Basswood
33,POOWE,"Guitar, Ukulele",-,-,-,-,,7 Days Replacement,-,"Spruce Wood, Mahogany"
34,Mahalo Ukuleles,Mahalo Ukuleles,4.3 out of 5,"1,073 ratings",-,"Saturday, Dec 18",Only 2 left in stock.,7 Days Replacement,Multicolor,Mahogany
35,Medellin,Ukulele,-,-,-,"Saturday, Dec 18",In stock.,7 Days Replacement,Green Yellow Burst,"Mahogany, Rosewood"
36,Juarez,-,4.2 out of 5,30 ratings,-,"Friday, Dec 17",In stock.,7 Days Replacement,Mahogany,Mahogany
37,Juarez,-,3.9 out of 5,62 ratings,-,"Friday, Dec 17",In stock.,7 Days Replacement,Mahogany,Mahogany
38,HEALLILY,-,-,-,-,-,,10 Days Returnable,Lemon green,Basswood
39,Kadence,Ukulele,-,-,-,"Saturday, Dec 18",In stock.,7 Days Replacement,Brown,Sapele
40,Juarez,-,3.9 out of 5,88 ratings,-,"Saturday, Dec 18",In stock.,7 Days Replacement,BLACK,Linden Wood
41,Decdeal,"Guitar, Ukulele",-,-,-,-,,7 Days Replacement,-,Acrylonitrile Butadiene Styrene
42,MAIOO,"Guitar, Ukulele",-,-,-,Dec 30 - Jan 3,In stock.,7 Days Replacement,-,Wood
43,Kadence,-,3.7 out of 5,26 ratings,-,"Saturday, Dec 18",In stock.,7 Days Replacement,Brown,Sapele
44,Juârez,-,3.9 out of 5,"1,880 ratings",-,"Friday, Dec 17",In stock.,7 Days Replacement,Black,Basswood
45,Zabel,Ukulele,3.6 out of 5,27 ratings,-,"Saturday, Dec 18",In stock.,7 Days Replacement,-,-
46,Decdeal,-,-,-,-,Jan 1 - 4,In stock.,7 Days Replacement,-,-
47,Hricane,-,4.6 out of 5,841 ratings,-,-,,7 Days Replacement,Sapele,-
48,MAIOO,"Guitar, Ukulele",-,-,-,Dec 30 - Jan 3,In stock.,7 Days Replacement,-,Rosewood
49,JUYT,Ukulele,-,-,-,Jan 1 - 5,-,10 Days Returnable,Heart-shaped,Basswood
50,JMFinger,-,3.3 out of 5,5 ratings,-,-,,7 Days Replacement,Natural,-
51,KKmoon-1,Ukulele,-,-,-,-,,7 Days Replacement,Transparent,-
52,MAIOO,Ukulele,-,-,-,Dec 30 - Jan 3,In stock.,7 Days Replacement,-,Basswood
53,Honeytecs,-,-,-,-,-,,7 Days Replacement,Wood color,"Spruce Wood, Mahogany"
54,METW,Ukulele,-,-,-,-,,10 Days Returnable,Heart-shaped,Basswood
55,Kala,-,4.2 out of 5,74 ratings,-,"Friday, Dec 17",In stock.,7 Days Replacement,Pink Burst,Mahogany
56,Flight,-,-,-,-,"Saturday, Dec 18",Only 2 left in stock.,7 Days Replacement,Arcana,ABS plastic
57,Flight,-,-,-,-,"Saturday, Dec 18",Only 1 left in stock.,7 Days Replacement,Natural,Dao wood
58,Batking,Ukulele,4.4 out of 5,9 ratings,-,"Monday, Dec 20",In stock.,7 Days Replacement,Natural,Mahogany
59,Flight,-,2 out of 5,1 rating,-,"Saturday, Dec 18",Only 2 left in stock.,7 Days Replacement,Granada,ABS plastic
60,Kadence,Ukulele,4.2 out of 5,270 ratings,-,"Saturday, Dec 18",In stock.,7 Days Replacement,Black,Wood
61,VAULT,-,4.1 out of 5,802 ratings,-,"Sunday, Dec 19",In stock.,7 Days Replacement,Black,-
62,Martin Smith,Ukulele,3.7 out of 5,"2,870 ratings",-,"Sunday, Dec 19",In stock.,7 Days Replacement,Black,-
63,Kadence,-,4.3 out of 5,"1,478 ratings",-,"Saturday, Dec 18",In stock.,7 Days Replacement,Mahagony Wood,Mahogany
64,Kadence,-,4.3 out of 5,"3,914 ratings",-,"Saturday, Dec 18",In stock.,7 Days Replacement,Bag with Tuner,Mahogany
65,Kadence,-,4.3 out of 5,"1,478 ratings",-,"Saturday, Dec 18",In stock.,7 Days Replacement,Mahagony Wood,Mahogany
66,Intern,-,3.9 out of 5,289 ratings,-,"Friday, Dec 17",In stock.,7 Days Replacement,Black,Wood
67,Juarez,-,4.2 out of 5,"4,406 ratings",-,"Sunday, Dec 19",In stock.,7 Days Replacement,Brown,-
68,Decdeal,-,-,-,-,Jan 1 - 4,In stock.,7 Days Replacement,Green,Acrylonitrile Butadiene Styrene
69,POOWE,"Guitar, Ukulele",-,-,-,-,,7 Days Replacement,-,Wood
70,HEALLILY,-,-,-,-,Dec 31 - Jan 3,In stock.,7 Days Replacement,Beige,-
71,Juarez,-,4.2 out of 5,963 ratings,-,"Sunday, Dec 19",In stock.,7 Days Replacement,Sapele,-
72,Juarez,-,4.1 out of 5,278 ratings,-,"Saturday, Dec 18",In stock.,7 Days Replacement,BLUE,Sapele
73,JUAREZ,-,4 out of 5,67 ratings,-,"Saturday, Dec 18",In stock.,7 Days Replacement,NATURAL,Sapele
74,Kadence,-,4.3 out of 5,"1,091 ratings",-,"Saturday, Dec 18",In stock.,7 Days Replacement,Acoustic,Spruce Wood
75,VAULT,-,4.1 out of 5,802 ratings,-,"Friday, Dec 17",In stock.,7 Days Replacement,Brown,-
76,Kadence,Ukulele,4.2 out of 5,270 ratings,-,"Saturday, Dec 18",In stock.,7 Days Replacement,Black,Wood
77,Kadence,Ukulele,4.3 out of 5,466 ratings,-,"Saturday, Dec 18",In stock.,7 Days Replacement,Cinnamon Brown,Wood
78,JUAREZ,-,3.9 out of 5,31 ratings,-,"Sunday, Dec 19",In stock.,7 Days Replacement,BLACK,Sapele Wood
79,Juarez,-,4.1 out of 5,71 ratings,-,"Sunday, Dec 19",In stock.,7 Days Replacement,Mahogany,Mahogany
80,Musoo,-,4.1 out of 5,287 ratings,-,"Monday, Dec 20",In stock.,7 Days Replacement,Brown,-
81,Musoo,Ukulele,-,-,-,"Monday, Dec 20",In stock.,7 Days Replacement,Brown,Mahogany
82,Flight,-,5 out of 5,5 ratings,-,"Saturday, Dec 18",Only 2 left in stock.,7 Days Replacement,Blue,Sapele
83,Flight,-,-,-,-,"Saturday, Dec 18",Only 1 left in stock.,7 Days Replacement,Surf,ABS plastic
84,Kadence,Ukulele,4 out of 5,74 ratings,-,"Saturday, Dec 18",In stock.,7 Days Replacement,White,Mahogany
85,Kadence,-,4.3 out of 5,208 ratings,-,"Saturday, Dec 18",In stock.,7 Days Replacement,Brown,Sapele
86,Juarez,-,3.5 out of 5,26 ratings,-,"Sunday, Dec 19",Only 1 left in stock.,7 Days Replacement,NATURAL,"Acrylonitrile Butadiene Styrene, Wood, Catalpa, Rosewood"
87,Kadence,-,4.2 out of 5,216 ratings,-,"Saturday, Dec 18",In stock.,7 Days Replacement,Black,Mahogany
88,Zhangxi,Ukulele,-,-,-,Jan 1 - 5,In stock.,7 Days Replacement,Pink,Acrylonitrile Butadiene Styrene
89,Kadence,-,4.3 out of 5,"1,158 ratings",-,"Saturday, Dec 18",In stock.,7 Days Replacement,Combo,Sapele
90,Zhangxi,-,-,-,-,Jan 1 - 5,In stock.,7 Days Replacement,Brown,Sapele
91,Kala,-,4.5 out of 5,"1,043 ratings",-,"Sunday, Dec 19",Only 2 left in stock.,7 Days Replacement,White Accents,-
92,MAIOO,Ukulele,-,-,-,Dec 30 - Jan 3,In stock.,7 Days Replacement,-,Basswood
93,POOWE,"Guitar, Ukulele",-,-,-,-,,7 Days Replacement,-,"Spruce Wood, Mahogany"
94,Mahalo Ukuleles,Mahalo Ukuleles,4.3 out of 5,"1,073 ratings",-,"Saturday, Dec 18",Only 2 left in stock.,7 Days Replacement,Multicolor,Mahogany
95,Medellin,Ukulele,-,-,-,"Saturday, Dec 18",In stock.,7 Days Replacement,Green Yellow Burst,"Mahogany, Rosewood"
96,Juarez,-,4.2 out of 5,30 ratings,-,"Friday, Dec 17",In stock.,7 Days Replacement,Mahogany,Mahogany
97,Juarez,-,3.9 out of 5,62 ratings,-,"Friday, Dec 17",In stock.,7 Days Replacement,Mahogany,Mahogany
98,HEALLILY,-,-,-,-,-,,10 Days Returnable,Lemon green,Basswood
99,Kadence,Ukulele,-,-,-,"Saturday, Dec 18",In stock.,7 Days Replacement,Brown,Sapele
100,Juarez,-,3.9 out of 5,88 ratings,-,"Saturday, Dec 18",In stock.,7 Days Replacement,BLACK,Linden Wood
101,Decdeal,"Guitar, Ukulele",-,-,-,-,,7 Days Replacement,-,Acrylonitrile Butadiene Styrene
102,MAIOO,"Guitar, Ukulele",-,-,-,Dec 30 - Jan 3,In stock.,7 Days Replacement,-,Wood
103,Kadence,-,3.7 out of 5,26 ratings,-,"Saturday, Dec 18",In stock.,7 Days Replacement,Brown,Sapele
104,Juârez,-,3.9 out of 5,"1,880 ratings",-,"Friday, Dec 17",In stock.,7 Days Replacement,Black,Basswood
105,Zabel,Ukulele,3.6 out of 5,27 ratings,-,"Saturday, Dec 18",In stock.,7 Days Replacement,-,-
106,Decdeal,-,-,-,-,Jan 1 - 4,In stock.,7 Days Replacement,-,-
107,Hricane,-,4.6 out of 5,841 ratings,-,-,,7 Days Replacement,Sapele,-
108,MAIOO,"Guitar, Ukulele",-,-,-,Dec 30 - Jan 3,In stock.,7 Days Replacement,-,Rosewood
109,JUYT,Ukulele,-,-,-,Jan 1 - 5,-,10 Days Returnable,Heart-shaped,Basswood
110,JMFinger,-,3.3 out of 5,5 ratings,-,-,,7 Days Replacement,Natural,-
111,KKmoon-1,Ukulele,-,-,-,-,,7 Days Replacement,Transparent,-
112,MAIOO,Ukulele,-,-,-,Dec 30 - Jan 3,In stock.,7 Days Replacement,-,Basswood
113,Honeytecs,-,-,-,-,-,,7 Days Replacement,Wood color,"Spruce Wood, Mahogany"
114,METW,Ukulele,-,-,-,-,,10 Days Returnable,Heart-shaped,Basswood
115,Kala,-,4.2 out of 5,74 ratings,-,"Friday, Dec 17",In stock.,7 Days Replacement,Pink Burst,Mahogany
116,Flight,-,-,-,-,"Saturday, Dec 18",Only 2 left in stock.,7 Days Replacement,Arcana,ABS plastic
117,Flight,-,-,-,-,"Saturday, Dec 18",Only 1 left in stock.,7 Days Replacement,Natural,Dao wood
118,Batking,Ukulele,4.4 out of 5,9 ratings,-,"Monday, Dec 20",In stock.,7 Days Replacement,Natural,Mahogany
119,Flight,-,2 out of 5,1 rating,-,"Saturday, Dec 18",Only 2 left in stock.,7 Days Replacement,Granada,ABS plastic
120,Kadence,Ukulele,4.2 out of 5,270 ratings,-,"Saturday, Dec 18",In stock.,7 Days Replacement,Oceanic Blue,Wood
121,VAULT,-,4.1 out of 5,802 ratings,-,"Friday, Dec 17",In stock.,7 Days Replacement,Mahogany,-
122,Flight,-,4.5 out of 5,2 ratings,-,"Saturday, Dec 18",Only 1 left in stock.,7 Days Replacement,Golder Red,Saple wood
123,Flight,-,-,-,-,"Saturday, Dec 18",In stock.,7 Days Replacement,Graffiti,ABS plastic
124,Decdeal,-,-,-,-,Jan 1 - 4,In stock.,7 Days Replacement,Tan,Wood
125,JUAREZ,-,3.7 out of 5,32 ratings,-,"Sunday, Dec 19",In stock.,7 Days Replacement,NATURAL,Mahogany
126,-,-,-,-,-,Dec 30 - Jan 3,In stock.,7 Days Replacement,-,-
127,MAIOO,"Guitar, Ukulele",-,-,-,Dec 30 - Jan 3,In stock.,7 Days Replacement,-,"Spruce Wood, Mahogany"
128,JUAREZ,-,3.9 out of 5,62 ratings,-,"Friday, Dec 17",In stock.,7 Days Replacement,NATURAL,Mahogany
129,Crisist,Ukulele,-,-,-,-,,10 Days Returnable,Heart-shaped,Basswood
130,Flight,-,4 out of 5,1 rating,-,"Saturday, Dec 18",Only 1 left in stock.,7 Days Replacement,Kitty Print,-
131,Homgee,Ukulele,-,-,-,Jan 1 - 4,In stock.,7 Days Replacement,Pink,Acrylonitrile Butadiene Styrene
132,Honeytecs,Ukulele,-,-,-,-,,7 Days Replacement,Transparent,Carbon Fibre
133,Smiger,-,4.5 out of 5,18 ratings,-,Jan 1 - 5,-,7 Days Replacement,Black,"Mahogany, Basswood"
134,KKmoon-,Ukulele,-,-,-,Jan 1 - 4,In stock.,7 Days Replacement,-,Wood
135,Decdeal,-,-,-,-,Jan 1 - 4,In stock.,7 Days Replacement,Pink,Acrylonitrile Butadiene Styrene
136,MAIOO,"Guitar, Ukulele",-,-,-,Dec 30 - Jan 3,In stock.,7 Days Replacement,-,Acrylonitrile Butadiene Styrene
137,Honeytecs,-,-,-,-,-,,7 Days Replacement,-,Sapele
138,-,-,-,-,-,Dec 30 - Jan 3,In stock.,7 Days Replacement,-,-
139,CUYT,Ukulele,-,-,-,-,,10 Days Returnable,Petal,Basswood
140,Flight,-,-,-,-,"Saturday, Dec 18",Only 1 left in stock.,7 Days Replacement,Natural,Mahogany
141,Flight,-,-,-,-,"Saturday, Dec 18",Only 2 left in stock.,7 Days Replacement,Natural,Mahogany
142,Flight,-,-,-,-,"Saturday, Dec 18",Only 2 left in stock.,7 Days Replacement,Black,Saple wood
143,MUSIQAA JAHAN,-,-,-,-,"Wednesday, Dec 22",In stock.,7 Days Replacement,Brown,Sapele
144,Flight,-,4.6 out of 5,320 ratings,-,-,,7 Days Replacement,Sakura,ABS plastic
145,Crusader,-,5 out of 5,1 rating,-,-,,7 Days Replacement,Wood,Mahogany
146,MAIOO,-,-,-,-,Dec 30 - Jan 3,In stock.,7 Days Replacement,-,Sapele
147,Honeytecs,"Guitar, Violin, Ukulele",-,-,-,-,,7 Days Replacement,Black,Basswood
148,-,-,4 out of 5,142 ratings,-,"Saturday, Dec 18",In stock.,7 Days Replacement,-,-
149,Honeytecs,"Guitar, Ukulele",-,-,-,-,,7 Days Replacement,-,Rosewood
150,Flight,-,-,-,-,"Saturday, Dec 18",Only 2 left in stock.,7 Days Replacement,Arcana,ABS plastic
151,Yuniror,-,-,-,-,Jan 4 - 7,-,10 Days Returnable,Heart-shaped,-
152,MAIOO,-,-,-,-,Dec 30 - Jan 3,In stock.,7 Days Replacement,-,Mahogany
153,ADM,-,4.3 out of 5,"2,743 ratings",-,-,,7 Days Replacement,Red Brown,-
154,-,-,-,-,-,-,,7 Days Replacement,-,-
155,Honeytecs,-,-,-,-,-,,7 Days Replacement,Green,Acrylonitrile Butadiene Styrene
156,HEALLILY,-,-,-,-,-,,7 Days Replacement,Lemon green,Basswood
157,Kadence,"Guitar, Ukulele",4.4 out of 5,25 ratings,-,"Saturday, Dec 18",In stock.,7 Days Replacement,Rotten Wood Demi Cut,Wood
158,KKmoon-,Ukulele,-,-,-,Jan 1 - 4,Only 1 left in stock.,7 Days Replacement,-,Mahogany
159,POOWE,"Guitar, Ukulele",-,-,-,-,,7 Days Replacement,-,Acrylonitrile Butadiene Styrene
160,Juarez,-,4.2 out of 5,171 ratings,-,"Friday, Dec 17",In stock.,7 Days Replacement,Mahogany,Mahogany
161,POOWE,"Guitar, Violin, Ukulele",-,-,-,-,,7 Days Replacement,-,Basswood
162,-,-,-,-,-,Jan 1 - 4,In stock.,7 Days Replacement,-,-
163,MAIOO,-,-,-,-,Dec 30 - Jan 3,In stock.,7 Days Replacement,Blue,Acrylonitrile Butadiene Styrene
164,MAIOO,-,-,-,-,Dec 30 - Jan 3,In stock.,7 Days Replacement,-,Sapele
165,Ubersweet,Ukulele,-,-,-,-,,10 Days Returnable,-,Sapele
166,Decdeal,"Guitar, Violin, Ukulele",-,-,-,Jan 1 - 4,In stock.,7 Days Replacement,-,Basswood
167,POOWE,Ukulele,-,-,-,-,,7 Days Replacement,-,Wood
168,AKLOT,Soprano Ukulele 21-inch,4.7 out of 5,"6,098 ratings",-,-,,7 Days Replacement,Mahogany,-
169,Ubersweet,"Guitar, Ukulele",-,-,-,-,,10 Days Returnable,-,-
170,MAIOO,Ukulele,-,-,-,Dec 30 - Jan 3,In stock.,7 Days Replacement,-,Wood
171,Kadence,-,4.8 out of 5,16 ratings,-,"Saturday, Dec 18",In stock.,7 Days Replacement,Natural,Spruce Wood
172,Sangmei,-,-,-,-,-,,7 Days Replacement,Blue,Wood
173,Ubersweet,"Guitar, Ukulele",-,-,-,-,,10 Days Returnable,-,Sapele
174,-,-,-,-,-,Jan 1 - 4,In stock.,7 Days Replacement,-,-
175,Mahalo Ukuleles,Mahalo Ukuleles,4.4 out of 5,40 ratings,-,"Friday, Dec 17",In stock.,7 Days Replacement,Blue Burst,Mahogany
176,Flight,-,-,-,-,"Saturday, Dec 18",In stock.,7 Days Replacement,Natural,Teak wood
177,Flight,-,5 out of 5,1 rating,-,"Saturday, Dec 18",In stock.,7 Days Replacement,Dark Reddish Brown,Sapele
178,Flight,-,4.7 out of 5,4 ratings,-,"Saturday, Dec 18",Only 2 left in stock.,7 Days Replacement,Dark Green,Saple wood
179,Flight,-,-,-,-,"Saturday, Dec 18",Only 2 left in stock.,7 Days Replacement,Natural,Accacia
